{
  "hotel-pricerange": [
    "expensive",
    "cheap",
    "dontcare",
    "moderate"
  ],
  "hotel-type": [
    "dontcare",
    "hotel",
    "guest house"
  ],
  "hotel-parking": [
    "dontcare",
    "no",
    "yes"
  ],
  "hotel-book day": [
    "friday",
    "thursday",
    "monday",
    "tuesday",
    "dontcare",
    "wednesday",
    "saturday",
    "sunday"
  ],
  "hotel-book people": [
    "8",
    "4",
    "6",
    "5",
    "1",
    "7",
    "2",
    "3"
  ],
  "hotel-book stay": [
    "8",
    "4",
    "6",
    "5",
    "1",
    "7",
    "2",
    "3"
  ],
  "train-destination": [
    "liverpool",
    "bishops stortford",
    "birmingham new street",
    "london liverpool street",
    "peterborough",
    "city centre north",
    "london kings cross",
    "huntingdon marriott hotel",
    "bournemouth",
    "huntington marriott",
    "cambridge",
    "kings lynn",
    "london",
    "stevenage",
    "broxbourne",
    "stansted airport",
    "norwich",
    "liverpool street",
    "leicester",
    "copper kettle",
    "curry prince",
    "gourmet burger kitchen",
    "glastonbury",
    "norway",
    "ely"
  ],
  "train-arriveby": [
    "08:15",
    "06:30",
    "09:45",
    "12:43",
    "14:07",
    "19:45",
    "09:01",
    "13:03",
    "15:24",
    "13:00",
    "19:52",
    "18:32",
    "08:23",
    "18:23",
    "17:45",
    "07:35",
    "21:20",
    "14:24",
    "14:43",
    "11:00",
    "13:30",
    "13:15",
    "13:17",
    "11:54",
    "08:54",
    "12:00",
    "08:56",
    "17:15",
    "21:15",
    "10:07",
    "20:00",
    "08:45",
    "19:57",
    "17:23",
    "11:30",
    "18:07",
    "06:43",
    "16:45",
    "18:00",
    "20:07",
    "23:30",
    "16:08",
    "06:45",
    "06:07",
    "14:00",
    "20:54",
    "12:15",
    "16:23",
    "16:07",
    "15:54",
    "09:32",
    "08:07",
    "13:06",
    "03:00",
    "17:30",
    "10:30",
    "11:32",
    "20:30",
    "15:45",
    "23:00",
    "15:00",
    "19:00",
    "10:54",
    "19:32",
    "13:51",
    "14:45",
    "09:06",
    "22:01",
    "17:00",
    "19:27",
    "19:15",
    "21:00",
    "06:55",
    "22:07",
    "10:32",
    "10:45",
    "19:58",
    "14:01",
    "21:08",
    "14:15",
    "20:15",
    "09:30",
    "11:45",
    "07:15",
    "20:45",
    "11:06",
    "16:58",
    "07:44",
    "17:58",
    "16:30",
    "18:30",
    "09:00",
    "11:52",
    "19:54",
    "16:44",
    "09:15",
    "07:08",
    "13:45",
    "15:15",
    "10:00",
    "02:30",
    "20:38",
    "19:30",
    "13:32",
    "21:06",
    "22:06",
    "15:30",
    "07:00",
    "16:15",
    "08:30",
    "11:15",
    "22:00",
    "07:52",
    "12:08",
    "18:10",
    "06:15",
    "20:08",
    "10:15",
    "05:52",
    "17:51",
    "16:00",
    "21:30",
    "15:01",
    "13:38",
    "10:08",
    "18:35",
    "21:45",
    "20:20",
    "12:45",
    "16:06",
    "14:30",
    "16:32",
    "21:51",
    "19:51",
    "06:01",
    "05:30",
    "10:23",
    "18:03",
    "20:06",
    "18:45",
    "18:15",
    "08:00",
    "12:07",
    "23:27",
    "07:30",
    "08:44",
    "12:30",
    "12:06",
    "13:52",
    "15:07",
    "02:00",
    "15:06"
  ],
  "train-departure": [
    "cineworld",
    "liverpool",
    "camboats",
    "aylesbray lodge guest",
    "bishops stortford",
    "birmingham new street",
    "cafe uno",
    "london liverpool street",
    "panahar",
    "peterborough",
    "east london",
    "stratford",
    "london kings cross",
    "huntingdon",
    "city hall",
    "wandlebury country park",
    "cambridge",
    "london liverpool",
    "kings lynn",
    "london",
    "stevenage",
    "broxbourne",
    "stansted airport",
    "norwich",
    "alpha milton",
    "leicester",
    "hamilton lodge",
    "brookshite",
    "duxford",
    "ely"
  ],
  "train-day": [
    "friday",
    "thursday",
    "monday",
    "tuesday",
    "dontcare",
    "wednesday",
    "saturday",
    "sunday"
  ],
  "train-book people": [
    "8",
    "15",
    "4",
    "6",
    "5",
    "9",
    "1",
    "7",
    "2",
    "3",
    "10"
  ],
  "hotel-stars": [
    "4",
    "5",
    "dontcare",
    "1",
    "2",
    "3"
  ],
  "hotel-internet": [
    "dontcare",
    "no",
    "yes"
  ],
  "hotel-name": [
    "wankworth house",
    "home from home",
    "university arms hotel",
    "the worth house",
    "express by holiday inn cambridge",
    "avalon",
    "nothamilton lodge",
    "the allenbell|autumn house|leverton house",
    "bridge guest house|aylesbray lodge guest house",
    "the cambridge belfry",
    "aylesbray lodge guest house",
    "doubletree by hilton cambridge",
    "bridge guest house",
    "a and b guesthouse",
    "anatolia",
    "warkworth house",
    "acorn guest house",
    "whale",
    "eraina",
    "carolina bed and breakfast",
    "yes",
    "leverton house",
    "la margherit",
    "acorn guesthouse",
    "el shaddia guesthouse",
    "city centre north bed and breakfast",
    "allenbell|autumn house|leverton house",
    "lan hon",
    "hobsons house",
    "city centre b & b|el shaddai",
    "super 5",
    "the ashley hotel|lovell lodge",
    "nus",
    "alesbray lodge guesthouse",
    "aylesbray lodge guest house|rosas bed and breakfast",
    "alexander bed and breakfast|university arms hotel",
    "holiday inn cambridge",
    "huntingdon marriott hotel|university arms hotel",
    "ashely hotel|lovell lodge",
    "lovell lodge",
    "gonville hotel|the lensfield hotel",
    "kirkwood",
    "worth house",
    "hamilton lodge",
    "cherr",
    "allenbell",
    "ashley hotel|lovell lodge",
    "belfy hotel",
    "sou",
    "finches bed and breakfast",
    "limehouse",
    "ashley hotel|lovell lodge|cityroomz",
    "alpha milton guest house",
    "the alpha milton|the hamilton lodge",
    "huntingdon marriott hotel|cambridge belfry",
    "alexander|el shaddai|gonville hotel|university arms hotl",
    "a and b guest house",
    "nusha",
    "lensfield hotel",
    "kirkwood house",
    "acorn place",
    "wandlebury coutn",
    "the gonvile hotel",
    "autumn house",
    "archway house",
    "holiday inn",
    "wartworth",
    "marriot hotel",
    "allenbell|alexander bed and breakfast",
    "gonville hotel",
    "city centre north bed and breakfast|el shaddai",
    "cambridge belfray",
    "no",
    "arbury lodge guesthouse",
    "rosas bed and breakfast",
    "alexander bed and breakfast",
    "warkworth house|autumn house",
    "ashley hotel",
    "north bed and breakfast",
    "cambridge belfry",
    "the acorn guest house",
    "cityroomz",
    "alexander bed and breakfast|el shaddai",
    "sleeperz",
    "huntingdon marriott hotel",
    "cote"
  ],
  "hotel-area": [
    "north",
    "centre",
    "dontcare",
    "west",
    "east",
    "south"
  ],
  "train-leaveat": [
    "18:09",
    "08:15",
    "06:30",
    "09:45",
    "08:06",
    "13:50",
    "06:10",
    "19:45",
    "07:21",
    "15:24",
    "13:00",
    "21:39",
    "12:48",
    "17:45",
    "07:35",
    "15:11",
    "12:56",
    "11:00",
    "13:30",
    "13:15",
    "13:17",
    "11:54",
    "12:00",
    "17:15",
    "18:21",
    "21:15",
    "05:24",
    "20:00",
    "08:45",
    "07:17",
    "20:40",
    "05:01",
    "15:16",
    "09:23",
    "11:30",
    "05:11",
    "12:32",
    "18:00",
    "16:45",
    "12:26",
    "09:19",
    "12:19",
    "06:45",
    "08:11",
    "05:45",
    "19:35",
    "14:00",
    "12:15",
    "17:16",
    "17:21",
    "05:15",
    "15:54",
    "05:50",
    "11:11",
    "01:44",
    "19:11",
    "17:30",
    "17:59",
    "18:36",
    "10:30",
    "15:45",
    "20:30",
    "15:00",
    "19:00",
    "05:54",
    "08:32",
    "07:27",
    "09:29",
    "14:45",
    "22:01",
    "17:00",
    "19:15",
    "21:00",
    "10:21",
    "19:48",
    "19:16",
    "11:50",
    "11:48",
    "10:32",
    "10:45",
    "15:50",
    "14:01",
    "15:17",
    "05:16",
    "11:17",
    "07:01",
    "14:15",
    "11:35",
    "09:54",
    "06:40",
    "11:21",
    "15:39",
    "08:09",
    "20:15",
    "11:45",
    "09:30",
    "20:45",
    "07:15",
    "08:16",
    "13:40",
    "05:17",
    "14:21",
    "09:17",
    "16:30",
    "08:10",
    "21:11",
    "10:36",
    "14:19",
    "18:30",
    "05:35",
    "09:00",
    "07:54",
    "09:40",
    "19:54",
    "09:11",
    "09:15",
    "13:11",
    "13:45",
    "15:15",
    "09:59",
    "10:00",
    "20:21",
    "05:36",
    "19:30",
    "13:32",
    "15:29",
    "21:50",
    "13:39",
    "15:30",
    "07:00",
    "16:15",
    "08:30",
    "11:15",
    "22:00",
    "10:11",
    "22:09",
    "05:00",
    "09:50",
    "11:29",
    "10:15",
    "05:40",
    "16:00",
    "17:50",
    "21:30",
    "18:46",
    "15:01",
    "21:45",
    "17:01",
    "08:01",
    "12:45",
    "08:08",
    "06:00",
    "21:01",
    "20:36",
    "14:30",
    "18:40",
    "14:09",
    "08:52",
    "19:50",
    "20:01",
    "09:39",
    "06:01",
    "13:01",
    "21:29",
    "14:40",
    "00:00",
    "13:36",
    "17:11",
    "11:01",
    "18:06",
    "05:30",
    "06:09",
    "19:40",
    "13:24",
    "05:29",
    "10:19",
    "18:45",
    "18:15",
    "07:45",
    "08:00",
    "07:40",
    "12:30",
    "13:54",
    "17:29",
    "20:19",
    "02:00",
    "19:17"
  ],
  "attraction-area": [
    "north",
    "centre",
    "dontcare",
    "west",
    "east",
    "south"
  ],
  "restaurant-pricerange": [
    "expensive",
    "cheap",
    "dontcare",
    "moderate"
  ],
  "restaurant-area": [
    "north",
    "centre",
    "dontcare",
    "west",
    "east",
    "south"
  ],
  "restaurant-food": [
    "new zealand",
    "persian",
    "asian oriental",
    "spanish",
    "canapes",
    "caribbeanindian",
    "eritrean",
    "barbeque",
    "indian",
    "north americanindian",
    "korean",
    "malaysian",
    "turkish",
    "english",
    "creative",
    "modern european",
    "afternoon tea",
    "chinese",
    "swiss",
    "scandinavian",
    "cantonese",
    "polish",
    "fusion",
    "french",
    "barbequemodern european",
    "middle eastern",
    "north indian",
    "thai",
    "singaporean",
    "romanian",
    "kosher",
    "mexican",
    "corsica",
    "brazilian",
    "australian",
    "molecular gastronomy",
    "hungarian",
    "australian|indian",
    "modern english",
    "latin american",
    "modern eclectic",
    "vegetarian",
    "south african",
    "international",
    "northern european",
    "spanish|portuguese",
    "british",
    "gastropub",
    "scottish",
    "eastern european",
    "cuban",
    "italian",
    "unusual",
    "european",
    "tuscan",
    "the americas",
    "belgian",
    "indian|african",
    "thai and chinese",
    "bistro",
    "brazilian|portuguese",
    "kosher|british",
    "italian|indian",
    "modern global",
    "christmas",
    "dontcare",
    "sushi",
    "modern american",
    "danish",
    "african",
    "asian",
    "traditional american",
    "south indian",
    "jamaican",
    "dojo noodle bar",
    "steakhouse",
    "american",
    "mediterranean",
    "portugese",
    "welsh",
    "traditional",
    "indonesian",
    "catalan",
    "japanese",
    "basque",
    "panasian",
    "greek",
    "chinese|mexican",
    "seafood",
    "moroccan",
    "lebanese",
    "jamaicanchinese",
    "north american",
    "russian",
    "austrian",
    "caribbean",
    "halal",
    "polynesian",
    "crossover",
    "world",
    "afghan",
    "north african",
    "german",
    "light bites",
    "venetian",
    "vietnamese",
    "swedish",
    "sri lankan",
    "irish"
  ],
  "attraction-name": [
    "cherry hinton water play park",
    "the cambridge arts theatre",
    "cherry hinton village centre",
    "home from home",
    "scudamores punting co|cambridge punters",
    "funky fun house",
    "university arms hotel",
    "adc",
    "museum of archaelogy",
    "bed",
    "kohinoor",
    "riverboat georgina",
    "holy trinity church",
    "museum of archaelogy and anthropology|fitzwilliam museum",
    "scudamores punting co|the cambridge punter",
    "thanh",
    "saint catharines college",
    "cherry hinton water play",
    "vue cinema",
    "emmanuel college",
    "magdalene college",
    "aylesbray lodge guest house",
    "trinity college",
    "cambridge arts theater",
    "sheeps green and lammas land park fen causeway",
    "abbey pool and astroturf pitch",
    "old schools",
    "scudamores punti co|the cambridge punter",
    "castle galleries",
    "cambridge book and print gallery",
    "corn cambridge exchange",
    "soultree",
    "cambridge contemporary art museum",
    "all saints church",
    "fitzwilliam museum",
    "sidney sussex|gonville and caius",
    "adc theatre",
    "the churchill college",
    "great saint marys church",
    "ballare",
    "caf jello galery",
    "county folk museum",
    "kettles yard",
    "scott polar",
    "museum of archaelogy and anthropology",
    "whipple museum of the history of science",
    "whippple museum",
    "the cambridge artworks",
    "older churches",
    "abbey pool",
    "the junction",
    "cambride and country folk museum",
    "hobsons house",
    "nusha|tenpin",
    "cafe uno",
    "lynne strover gallery",
    "cambridge botanic gardens",
    "cherry hinton water park",
    "cafe jello museum",
    "cambridge university botanic gardens",
    "cambridge arts theatre",
    "saint johns college",
    "pembroke college",
    "saint barnabas press gallery",
    "cambridge temporary art",
    "contemporary art museum",
    "regency gallery",
    "abc theatre",
    "cambridge",
    "college",
    "botanic gardens",
    "school",
    "worth house",
    "the place",
    "man on the moon",
    "downing college",
    "churchhill college",
    "st catharines college",
    "cambridge and country folk museum",
    "cineworld cinema",
    "camboats",
    "little saint marys church",
    "museum of classical archaeology",
    "christs college|downing college",
    "museum",
    "tenpin|nusha",
    "milton country park",
    "parkside pools",
    "abbey pool and astroturf",
    "hughes hall",
    "free",
    "peoples portraits exhibition at girton college",
    "cambridge museum of technology",
    "churchills college",
    "primavera",
    "nusha",
    "clare hall",
    "cinema cinema",
    "the man on the moon",
    "cambridge artworks",
    "gonville and caius college",
    "museum of archaelogy and anthropogy",
    "scott polar museum",
    "pizza",
    "queens",
    "lammas land park",
    "cambridge and county folk museum",
    "archway house",
    "trinity street college",
    "clare college",
    "queens college",
    "kings college",
    "st christs college",
    "whale of a time",
    "christs college|saint catharines",
    "churchill",
    "the fez club",
    "sheeps green",
    "kings hedges learner pool",
    "gallery",
    "mumford theatre",
    "the castle galleries",
    "cherry hinton hall and grounds",
    "gallery at 12 a high street",
    "corpus christi",
    "soul tree nightclub",
    "gonville hotel",
    "cambridge punter",
    "club salsa",
    "peoples portraits exhibition",
    "tenpin",
    "kings college|hughes hall",
    "castle galleries|primavera",
    "scudamores punting co",
    "christ college",
    "the cambridge corn exchange",
    "history of science museum",
    "jesus green",
    "christs church",
    "broughton house gallery",
    "wandlebury country park",
    "scudamore",
    "kambar",
    "king hedges learner pool",
    "whale of time",
    "city",
    "place",
    "camboats|funky fun house",
    "williams art and antiques",
    "cherry hinton hall",
    "cafe jello gallery",
    "jesus green outdoor pool",
    "byard art",
    "sidney sussex college",
    "the wandlebury",
    "boat",
    "cambridge contemporary art",
    "jesus college",
    "cambridge corn exchange",
    "bangkok city",
    "salsa",
    "ruskin gallery"
  ],
  "restaurant-name": [
    "17",
    "pizza hut cherry hinton",
    "curry garden",
    "the lucky star",
    "golden curry",
    "cityr",
    "mahal",
    "charlie chan",
    "india house",
    "meze bar restaurant",
    "the gardenia",
    "kohinoor",
    "adden",
    "restaurant alimentum",
    "efes restaurant",
    "rice house",
    "sesame restaurant and bar",
    "wagamama",
    "binh",
    "nandos",
    "the maharajah tandoor",
    "shanghai",
    "jinling noodle bar",
    "copper kettle",
    "anatolia",
    "taj tandoori",
    "hk fusion",
    "eraina",
    "the nirala",
    "the golden house",
    "river bar steakhouse and grill",
    "pizza express",
    "ask",
    "the river bar steakhouse and grill",
    "cocum",
    "travellers rest",
    "the varsity restaurant",
    "fitzbillies restaurant",
    "the missing sock",
    "eraina and michaelhouse cafe",
    "el shaddia guesthouse",
    "dojo noodle bar|j restaurant",
    "shanghai family restaurant",
    "cow pizza kitchen and bar",
    "the meze bar",
    "zizzi cambridge",
    "dif",
    "hobsons house",
    "meghna",
    "graffiti",
    "sitar tandoori",
    "lucky star",
    "cafe uno",
    "royal spice",
    "royal standard",
    "loch fyne",
    "sala thong|bangkok city",
    "molecular gastronomy",
    "ian hong house",
    "panahar",
    "slug and lettuce",
    "cambridge lodge restaurant",
    "michaelhouse cafe",
    "pizza hut fenditton",
    "nirala",
    "2 two and cote",
    "nus",
    "charlie",
    "nil",
    "anatolia and efes restaurant",
    "india west",
    "la tasca",
    "curry queen",
    "yipee noodle bar",
    "mahal of cambridge",
    "midsummer house restaurant",
    "the alex",
    "pizza hut city centre",
    "worth house",
    "curry prince",
    "saint johns chop house",
    "backstreet bistro",
    "maharajah tandoori restaurant",
    "city stop restaurant",
    "restaurant 17",
    "hotel du vin and bistro",
    "lovel",
    "peking restaurant",
    "la mimosa",
    "restaurant 2 two",
    "stazione restaurant and coffee bar",
    "2 two",
    "little seoul",
    "european",
    "tandoori palace",
    "de luca cucina and bar riverside brasserie",
    "the hotpot",
    "lan hong house",
    "golden house",
    "saffron brasserie",
    "parkside pools",
    "efes",
    "shiraz",
    "meze bar",
    "bridge",
    "darrys cookhouse and wine shop",
    "limehouse",
    "scudamores punt",
    "golden wok",
    "the peking",
    "de luca cucina and bar",
    "the kohinoor",
    "good luck",
    "pizza hut cherry hinton|alimentum",
    "primavera",
    "nusha",
    "funky",
    "yu garden",
    "da vinci pizzeria",
    "chiquito restaurant bar",
    "pipasha restaurant",
    "ali baba",
    "the bedouin",
    "tang chinese",
    "4 kings parade city centre",
    "saigon city",
    "chiquito",
    "sitar",
    "autumn house",
    "thanh binh",
    "golden wok|nirala",
    "bedouin",
    "dojo noodle bar",
    "pizza hut",
    "grafton hotel restaurant",
    "the slug and lettuce",
    "barbakan",
    "clowns cafe",
    "la raza",
    "the grafton hotel",
    "curry prince|rajmahal",
    "gourmet formal kitchen",
    "galleria",
    "cam",
    "the peking restaurant:",
    "prezzo",
    "cambridge punter",
    "alex",
    "no",
    "gardenia",
    "the gandhi",
    "rice boat",
    "oak bistro",
    "tandoori",
    "alimentum",
    "restaurant 22",
    "cambridge chop house",
    "hakka",
    "bloomsbury restaurant",
    "broughton house gallery",
    "rajmahal",
    "curry king",
    "ashley hotel",
    "hotpot",
    "kitchen and bar",
    "nandos city centre",
    "the cow pizza kitchen and bar",
    "riverside brasserie",
    "cambridge be",
    "grafton hotel",
    "la margherita",
    "j restaurant",
    "the oak bistro",
    "wise buddha",
    "gourmet burger kitchen",
    "frankie and bennys",
    "cotto",
    "yippee noodle bar",
    "sala thong",
    "kymmoy",
    "missing sock",
    "don pasquale pizzeria",
    "cote",
    "bangkok city",
    "ugly duckling"
  ],
  "attraction-type": [
    "outdoor",
    "theatre",
    "multiple sports",
    "theater",
    "camboats",
    "museum",
    "entertainment|cinemas|museums|theatres",
    "concert hall",
    "nightclub",
    "park",
    "museum kettles yard",
    "museum|nightclub",
    "multiple sports|theatre",
    "cinema",
    "boating",
    "concerthall|boat",
    "churchills college",
    "swimming pool",
    "hiking|historical",
    "church",
    "college",
    "dontcare",
    "hotel",
    "architecture",
    "special",
    "boat",
    "park|boat",
    "entertainment"
  ],
  "taxi-leaveat": [
    "08:15",
    "06:30",
    "09:45",
    "03:30",
    "19:45",
    "13:00",
    "24:45",
    "22:15",
    "04:30",
    "17:45",
    "04:45",
    "01:30",
    "10:50",
    "13:30",
    "11:00",
    "13:15",
    "12:00",
    "17:15",
    "22:30",
    "21:15",
    "20:00",
    "08:45",
    "02:15",
    "11:30",
    "23:45",
    "16:45",
    "18:00",
    "23:30",
    "01:00",
    "06:45",
    "05:45",
    "04:00",
    "14:00",
    "12:15",
    "04:15",
    "05:15",
    "03:00",
    "17:30",
    "10:30",
    "15:45",
    "20:30",
    "23:00",
    "15:00",
    "19:00",
    "14:45",
    "17:00",
    "19:15",
    "21:00",
    "10:45",
    "14:15",
    "01:45",
    "20:15",
    "09:30",
    "11:45",
    "20:45",
    "07:15",
    "16:30",
    "01:15",
    "18:30",
    "09:00",
    "09:15",
    "13:45",
    "15:15",
    "15:25",
    "10:00",
    "02:30",
    "19:30",
    "07:00",
    "15:30",
    "16:15",
    "08:30",
    "22:00",
    "11:15",
    "23:15",
    "05:00",
    "06:15",
    "24:15",
    "10:15",
    "22:45",
    "16:00",
    "24:30",
    "21:30",
    "21:45",
    "12:45",
    "06:00",
    "14:30",
    "00:45",
    "24:00",
    "05:30",
    "02:45",
    "18:45",
    "18:15",
    "03:45",
    "07:45",
    "08:00",
    "07:30",
    "03:20",
    "12:30",
    "03:15",
    "02:00",
    "21:25"
  ],
  "taxi-destination": [
    "pizza hut cherry hinton",
    "curry garden",
    "the cambridge shop",
    "the lucky star",
    "golden curry",
    "wankworth hotel",
    "finders corner newmarket road",
    "charlie chan",
    "cherry hinton village centre",
    "home from home",
    "funky fun house",
    "university arms hotel",
    "india house",
    "the gardenia",
    "kohinoor",
    "riverboat georgina",
    "holy trinity church",
    "express by holiday inn cambridge",
    "avalon",
    "restaurant alimentum",
    "sleeperz hotel",
    "efes restaurant",
    "rice house",
    "saint catharines college",
    "sesame restaurant and bar",
    "vue cinema",
    "aylesbray lodge guest house",
    "magdalene college",
    "cherry hinton water play",
    "wagamama",
    "trinity college",
    "the regent street city center",
    "emmanuel college",
    "nandos",
    "stansted airport train station",
    "bridge guest house",
    "cambridge road church of christ",
    "london kings cross train station",
    "norwich train station",
    "sheeps green and lammas land park fen causeway",
    "abbey pool and astroturf pitch",
    "jinling noodle bar",
    "old schools",
    "addenbrookes hospital",
    "copper kettle",
    "anatolia",
    "castle galleries",
    "taj tandoori",
    "cambridge book and print gallery",
    "warkworth house",
    "acorn guest house",
    "hk fusion",
    "all saints church",
    "carolina bed and breakfast",
    "eraina",
    "fitzwilliam museum",
    "adc theatre",
    "ballare",
    "great saint marys church",
    "pizza express",
    "kettles yard",
    "ask",
    "museum of archaelogy and anthropology",
    "the river bar steakhouse and grill",
    "whipple museum of the history of science",
    "cocum",
    "travellers rest",
    "the varsity restaurant",
    "fitzbillies restaurant",
    "the missing sock",
    "el shaddia guesthouse",
    "city centre north bed and breakfast",
    "shanghai family restaurant",
    "the junction",
    "cow pizza kitchen and bar",
    "zizzi cambridge",
    "hobsons house",
    "meghna",
    "graffiti",
    "sitar tandoori",
    "royal spice",
    "loch fyne",
    "royal standard",
    "cafe uno",
    "lynne strover gallery",
    "panahar",
    "cherry hinton water park",
    "cambridge university botanic gardens",
    "pembroke college",
    "saint johns college",
    "cambridge arts theatre",
    "cambridge lodge restaurant",
    "ugly duckling",
    "pizza hut fenditton",
    "nirala",
    "michaelhouse cafe",
    "saint barnabas press gallery",
    "regency gallery",
    "nil",
    "cambridge",
    "tall monument",
    "la tasca",
    "mahal of cambridge",
    "lovell lodge",
    "midsummer house restaurant",
    "pizza hut city centre",
    "hamilton lodge",
    "curry prince",
    "worth house",
    "saint johns chop house",
    "maharajah tandoori restaurant",
    "backstreet bistro",
    "hakka|acorn guest house",
    "gastropub",
    "birmingham new street train station",
    "city stop restaurant",
    "the place",
    "hotel du vin and bistro",
    "restaurant 17",
    "peking restaurant",
    "la mimosa",
    "restaurant 2 two",
    "stazione restaurant and coffee bar",
    "allenbell",
    "downing college",
    "little seoul",
    "tandoori palace",
    "cineworld cinema",
    "the hotpot",
    "camboats",
    "little saint marys church",
    "lan hong house",
    "museum of classical archaeology",
    "golden house",
    "st johns chop house",
    "milton country park",
    "saffron brasserie",
    "parkside pools",
    "shiraz",
    "hughes hall",
    "meze bar",
    "finches bed and breakfast",
    "darrys cookhouse and wine shop",
    "limehouse",
    "golden wok",
    "saint barnabas",
    "peoples portraits exhibition at girton college",
    "ruskin gallery",
    "cambridge museum of technology",
    "de luca cucina and bar",
    "alpha milton guest house",
    "churchills college",
    "primavera",
    "nusha",
    "a and b guest house",
    "parkside police station",
    "good luck",
    "clare hall",
    "lensfield hotel",
    "kirkwood house",
    "yu garden",
    "da vinci pizzeria",
    "chiquito restaurant bar",
    "ali baba",
    "pipasha restaurant",
    "the man on the moon",
    "tang chinese",
    "cambridge artworks",
    "gonville and caius college",
    "saigon city",
    "scott polar museum",
    "autumn house",
    "cambridge and county folk museum",
    "archway house",
    "thanh binh",
    "queens college",
    "dojo noodle bar",
    "bedouin",
    "kings college",
    "whale of a time",
    "grafton hotel restaurant",
    "the slug and lettuce",
    "bishops stortford train station",
    "clare college",
    "peterborough train station",
    "ely train station",
    "the fez club",
    "kings hedges learner pool",
    "clowns cafe",
    "mumford theatre",
    "la raza",
    "the anatolia",
    "cherry hinton hall and grounds",
    "gallery at 12 a high street",
    "corpus christi",
    "galleria",
    "soul tree nightclub",
    "gonville hotel",
    "cambridge punter",
    "club salsa",
    "prezzo",
    "tenpin",
    "broxbourne train station",
    "arbury lodge guesthouse",
    "the gandhi",
    "rice boat",
    "scudamores punting co",
    "christ college",
    "rosas bed and breakfast",
    "alexander bed and breakfast",
    "the cambridge corn exchange",
    "cambridge chop house",
    "hakka",
    "bloomsbury restaurant",
    "cambridge county fair next to the city tourist museum",
    "broughton house gallery",
    "rajmahal",
    "curry king",
    "wandlebury country park",
    "ashley hotel",
    "kambar",
    "nandos city centre",
    "cambridge belfry",
    "riverside brasserie",
    "williams art and antiques",
    "cityroomz",
    "la margherita",
    "j restaurant",
    "the oak bistro",
    "station road",
    "jesus green outdoor pool",
    "cafe jello gallery",
    "byard art",
    "sidney sussex college",
    "gourmet burger kitchen",
    "leicester train station",
    "stevenage train station",
    "frankie and bennys",
    "cotto",
    "london liverpool street train station",
    "cambridge contemporary art",
    "yippee noodle bar",
    "jesus college",
    "ian hong",
    "sala thong",
    "cambridge train station",
    "kymmoy",
    "don pasquale pizzeria",
    "bangkok city",
    "huntingdon marriott hotel",
    "cote"
  ],
  "taxi-departure": [
    "pizza hut cherry hinton",
    "curry garden",
    "golden curry",
    "the lucky star",
    "charlie chan",
    "home from home",
    "cherry hinton village centre",
    "funky fun house",
    "university arms hotel",
    "india house",
    "the gardenia",
    "kohinoor",
    "riverboat georgina",
    "downing street",
    "holy trinity church",
    "express by holiday inn cambridge",
    "restaurant alimentum",
    "avalon",
    "rice house",
    "saint catharines college",
    "cherry hinton water play",
    "vue cinema",
    "aylesbray lodge guest house",
    "magdalene college",
    "sesame restaurant and bar",
    "wagamama",
    "kings lynn train station",
    "trinity college",
    "ambridge",
    "nandos",
    "bridge guest house",
    "clair hall",
    "london kings cross train station",
    "emmanuel college",
    "norwich train station",
    "abbey pool and astroturf pitch",
    "sheeps green and lammas land park fen causeway",
    "jinling noodle bar",
    "old schools",
    "addenbrookes hospital",
    "copper kettle",
    "anatolia",
    "castle galleries",
    "warkworth house",
    "taj tandoori",
    "cambridge book and print gallery",
    "acorn guest house",
    "all saints church",
    "carolina bed and breakfast",
    "fitzwilliam museum",
    "eraina",
    "adc theatre",
    "great saint marys church",
    "ballare",
    "citiroomz",
    "pizza express",
    "kettles yard",
    "ask",
    "museum of archaelogy and anthropology",
    "the river bar steakhouse and grill",
    "whipple museum of the history of science",
    "leverton house",
    "st johns college",
    "cocum",
    "travellers rest",
    "the varsity restaurant",
    "the missing sock",
    "fitzbillies restaurant",
    "el shaddia guesthouse",
    "city centre north bed and breakfast",
    "the junction",
    "cow pizza kitchen and bar",
    "zizzi cambridge",
    "hobsons house",
    "meghna",
    "graffiti",
    "sitar tandoori",
    "loch fyne",
    "royal spice",
    "royal standard",
    "cafe uno",
    "lynne strover gallery",
    "nstaot mentioned",
    "panahar",
    "cambridge university botanic gardens",
    "cambridge arts theatre",
    "pembroke college",
    "saint johns college",
    "cambridge lodge restaurant",
    "michaelhouse cafe",
    "pizza hut fenditton",
    "nirala",
    "caffee uno",
    "saint barnabas press gallery",
    "regency gallery",
    "cambridge",
    "la tasca",
    "curry queen",
    "mahal of cambridge",
    "lovell lodge",
    "pizza hut city centre",
    "worth house",
    "curry prince",
    "hamilton lodge",
    "acorn guest house|hakka",
    "backstreet bistro",
    "saint johns chop house",
    "maharajah tandoori restaurant",
    "birmingham new street train station",
    "city stop restaurant",
    "the place",
    "restaurant 17",
    "hotel du vin and bistro",
    "peking restaurant",
    "new england",
    "la mimosa",
    "restaurant 2 two",
    "ely",
    "stazione restaurant and coffee bar",
    "allenbell",
    "downing college",
    "little seoul",
    "172 chestertown road",
    "tandoori palace",
    "sheeps green and lammas land park",
    "cineworld cinema",
    "the hotpot",
    "camboats",
    "little saint marys church",
    "lan hong house",
    "museum of classical archaeology",
    "golden house",
    "museum",
    "parkside pools",
    "milton country park",
    "saffron brasserie",
    "shiraz",
    "hughes hall",
    "finches bed and breakfast",
    "meze bar",
    "limehouse",
    "darrys cookhouse and wine shop",
    "london liverpool street",
    "golden wok",
    "peoples portraits exhibition at girton college",
    "ruskin gallery",
    "cherry hinton village center",
    "cambridge museum of technology",
    "alpha milton guest house",
    "de luca cucina and bar",
    "churchills college",
    "primavera",
    "a and b guest house",
    "nusha",
    "good luck",
    "parkside police station",
    "clare hall",
    "lensfield hotel",
    "kirkwood house",
    "yu garden",
    "da vinci pizzeria",
    "ali baba",
    "the man on the moon",
    "chiquito restaurant bar",
    "tang chinese",
    "cambridge artworks",
    "gonville and caius college",
    "saigon city",
    "cambridge towninfo centre",
    "scott polar museum",
    "autumn house",
    "4455 woodbridge road",
    "the gallery at 12",
    "home",
    "cambridge and county folk museum",
    "thanh binh",
    "archway house",
    "clare college",
    "queens college",
    "kings college",
    "bedouin",
    "grafton hotel restaurant",
    "whale of a time",
    "dojo noodle bar",
    "bishops stortford train station",
    "the slug and lettuce",
    "peterborough train station",
    "the fez club",
    "ely train station",
    "kings hedges learner pool",
    "clowns cafe",
    "mumford theatre",
    "la raza",
    "cherry hinton hall and grounds",
    "girton college",
    "gallery at 12 a high street",
    "corpus christi",
    "galleria",
    "soul tree nightclub",
    "gonville hotel",
    "cambridge punter",
    "club salsa",
    "prezzo",
    "tenpin",
    "broxbourne train station",
    "arbury lodge guesthouse",
    "the gandhi",
    "scudamores punting co",
    "rice boat",
    "christ college",
    "rosas bed and breakfast",
    "alexander bed and breakfast",
    "centre of town at my hotel",
    "the cambridge corn exchange",
    "bloomsbury restaurant",
    "hakka",
    "cambridge chop house",
    "broughton house gallery",
    "rajmahal",
    "curry king",
    "wandlebury country park",
    "ashley hotel",
    "kambar",
    "junction theatre",
    "nandos city centre",
    "cambridge belfry",
    "riverside brasserie",
    "williams art and antiques",
    "cityroomz",
    "la margherita",
    "j restaurant",
    "the oak bistro",
    "jesus green outdoor pool",
    "cafe jello gallery",
    "byard art",
    "sidney sussex college",
    "stevenage train station",
    "gourmet burger kitchen",
    "alyesbray lodge hotel",
    "frankie and bennys",
    "cotto",
    "london liverpool street train station",
    "cambridge contemporary art",
    "yippee noodle bar",
    "jesus college",
    "sala thong",
    "cambridge train station",
    "kymmoy",
    "cote",
    "don pasquale pizzeria",
    "bangkok city",
    "huntingdon marriott hotel",
    "ugly duckling"
  ],
  "restaurant-book day": [
    "friday",
    "thursday",
    "monday",
    "tuesday",
    "wednesday",
    "saturday",
    "sunday"
  ],
  "restaurant-book people": [
    "8",
    "4",
    "6",
    "5",
    "1",
    "7",
    "2",
    "3"
  ],
  "restaurant-book time": [
    "21:45",
    "06:30",
    "09:45",
    "12:45",
    "14:00",
    "12:15",
    "16:30",
    "14:30",
    "19:45",
    "18:30",
    "09:00",
    "09:30",
    "13:00",
    "03:00",
    "17:30",
    "17:45",
    "09:15",
    "14:40",
    "13:45",
    "10:30",
    "15:15",
    "15:45",
    "13:30",
    "10:00",
    "15:00",
    "13:15",
    "11:00",
    "19:00",
    "20:30",
    "10:48",
    "12:00",
    "17:15",
    "19:30",
    "14:45",
    "20:00",
    "08:45",
    "15:30",
    "17:00",
    "19:15",
    "18:45",
    "18:15",
    "11:15",
    "16:15",
    "21:00",
    "22:00",
    "10:45",
    "11:30",
    "12:30",
    "10:15",
    "16:45",
    "18:00",
    "14:15",
    "16:00",
    "01:00",
    "20:15",
    "11:45",
    "20:45"
  ],
  "taxi-arriveby": [
    "08:15",
    "06:30",
    "09:45",
    "03:30",
    "19:45",
    "13:00",
    "24:45",
    "22:15",
    "04:30",
    "17:45",
    "04:45",
    "01:30",
    "13:30",
    "11:00",
    "13:15",
    "15:23",
    "12:00",
    "17:15",
    "22:30",
    "21:15",
    "20:00",
    "02:15",
    "11:30",
    "18:00",
    "16:45",
    "23:30",
    "06:45",
    "01:00",
    "04:00",
    "14:00",
    "12:15",
    "04:15",
    "05:15",
    "03:00",
    "17:30",
    "10:30",
    "15:45",
    "20:30",
    "23:00",
    "15:00",
    "19:00",
    "14:45",
    "17:00",
    "19:15",
    "21:00",
    "10:45",
    "14:15",
    "01:45",
    "20:15",
    "11:45",
    "07:15",
    "20:45",
    "09:30",
    "16:30",
    "01:15",
    "17:05",
    "18:30",
    "09:00",
    "09:15",
    "13:45",
    "15:15",
    "10:00",
    "02:30",
    "19:30",
    "15:30",
    "07:00",
    "16:15",
    "08:30",
    "11:15",
    "22:00",
    "23:15",
    "06:15",
    "24:15",
    "10:15",
    "16:00",
    "24:30",
    "21:30",
    "21:45",
    "12:45",
    "06:00",
    "14:30",
    "13:05",
    "24:00",
    "05:30",
    "02:45",
    "18:45",
    "18:15",
    "03:45",
    "07:45",
    "08:00",
    "07:30",
    "12:30",
    "03:15",
    "02:00"
  ]
}